<Backups xmlns="http://www.microsoft.com/GroupPolicy/GPOOperations/Manifest" xmlns:mfst="http://www.microsoft.com/GroupPolicy/GPOOperations/Manifest" mfst:version="1.0"><BackupInst><GPOGuid><![CDATA[{43362FC4-E293-4E5B-A513-7A5C1B151335}]]></GPOGuid><GPODomain><![CDATA[sos.lan]]></GPODomain><GPODomainGuid><![CDATA[{0069038d-2ece-441b-81b7-6f6254c1b9b8}]]></GPODomainGuid><GPODomainController><![CDATA[SOSDC1.sos.lan]]></GPODomainController><BackupTime><![CDATA[2020-11-17T08:30:10]]></BackupTime><ID><![CDATA[{B51CCFC6-328E-4E85-AD15-D0190C2C87DF}]]></ID><Comment><![CDATA[]]></Comment><GPODisplayName><![CDATA[SOS - Windows CTF]]></GPODisplayName></BackupInst></Backups>