<Backups xmlns="http://www.microsoft.com/GroupPolicy/GPOOperations/Manifest" xmlns:mfst="http://www.microsoft.com/GroupPolicy/GPOOperations/Manifest" mfst:version="1.0"><BackupInst><GPOGuid><![CDATA[{57D6FEE0-E9CC-4440-B760-06D54D6A6FC9}]]></GPOGuid><GPODomain><![CDATA[sos.lan]]></GPODomain><GPODomainGuid><![CDATA[{0069038d-2ece-441b-81b7-6f6254c1b9b8}]]></GPODomainGuid><GPODomainController><![CDATA[SOSDC1.sos.lan]]></GPODomainController><BackupTime><![CDATA[2020-11-15T05:31:07]]></BackupTime><ID><![CDATA[{FFBAF3F1-52EA-43C0-9B24-3B4DE71EC58B}]]></ID><Comment><![CDATA[]]></Comment><GPODisplayName><![CDATA[SOS Device Guard]]></GPODisplayName></BackupInst></Backups>