<Backups xmlns="http://www.microsoft.com/GroupPolicy/GPOOperations/Manifest" xmlns:mfst="http://www.microsoft.com/GroupPolicy/GPOOperations/Manifest" mfst:version="1.0"><BackupInst><GPOGuid><![CDATA[{E6CFCEAF-65E3-4A8B-AFBD-9B1AA0BF1056}]]></GPOGuid><GPODomain><![CDATA[sos.lan]]></GPODomain><GPODomainGuid><![CDATA[{0069038d-2ece-441b-81b7-6f6254c1b9b8}]]></GPODomainGuid><GPODomainController><![CDATA[SOSDC1.sos.lan]]></GPODomainController><BackupTime><![CDATA[2020-11-15T05:31:48]]></BackupTime><ID><![CDATA[{A7E2B683-319C-4890-A2CF-F2B36C9BE45F}]]></ID><Comment><![CDATA[]]></Comment><GPODisplayName><![CDATA[SOS Applocker Addendum]]></GPODisplayName></BackupInst></Backups>