<?xml version="1.0" encoding="utf-8"?><!-- Copyright (c) Microsoft Corporation.  All rights reserved. --><GroupPolicyBackupScheme bkp:version="2.0" bkp:type="GroupPolicyBackupTemplate" xmlns:bkp="http://www.microsoft.com/GroupPolicy/GPOOperations" xmlns="http://www.microsoft.com/GroupPolicy/GPOOperations">
    <GroupPolicyObject><SecurityGroups><Group><Sid/><SamAccountName><![CDATA[Administrators]]></SamAccountName><Type><![CDATA[Unknown]]></Type><NetBIOSDomainName/><DnsDomainName/><UPN/></Group><Group><Sid/><SamAccountName><![CDATA[Guests]]></SamAccountName><Type><![CDATA[Unknown]]></Type><NetBIOSDomainName/><DnsDomainName/><UPN/></Group><Group><Sid/><SamAccountName><![CDATA[LOCAL SERVICE]]></SamAccountName><Type><![CDATA[Unknown]]></Type><NetBIOSDomainName/><DnsDomainName/><UPN/></Group><Group><Sid/><SamAccountName><![CDATA[NETWORK SERVICE]]></SamAccountName><Type><![CDATA[Unknown]]></Type><NetBIOSDomainName/><DnsDomainName/><UPN/></Group><Group><Sid/><SamAccountName><![CDATA[SERVICE]]></SamAccountName><Type><![CDATA[Unknown]]></Type><NetBIOSDomainName/><DnsDomainName/><UPN/></Group><Group><Sid/><SamAccountName><![CDATA[Users]]></SamAccountName><Type><![CDATA[Unknown]]></Type><NetBIOSDomainName/><DnsDomainName/><UPN/></Group><Group><Sid/><SamAccountName><![CDATA[Remote Desktop Users]]></SamAccountName><Type><![CDATA[Unknown]]></Type><NetBIOSDomainName/><DnsDomainName/><UPN/></Group><Group><Sid/><SamAccountName><![CDATA[Backup Operators]]></SamAccountName><Type><![CDATA[Unknown]]></Type><NetBIOSDomainName/><DnsDomainName/><UPN/></Group><Group bkp:Source="FromDACL"><Sid><![CDATA[S-1-5-21-3670114615-2946967469-3843750203-519]]></Sid><SamAccountName><![CDATA[Enterprise Admins]]></SamAccountName><Type><![CDATA[UniversalGroup]]></Type><NetBIOSDomainName><![CDATA[SOS]]></NetBIOSDomainName><DnsDomainName><![CDATA[sos.lan]]></DnsDomainName><UPN><![CDATA[Enterprise Admins@sos.lan]]></UPN></Group><Group bkp:Source="FromDACL"><Sid><![CDATA[S-1-5-21-3670114615-2946967469-3843750203-512]]></Sid><SamAccountName><![CDATA[Domain Admins]]></SamAccountName><Type><![CDATA[GlobalGroup]]></Type><NetBIOSDomainName><![CDATA[SOS]]></NetBIOSDomainName><DnsDomainName><![CDATA[sos.lan]]></DnsDomainName><UPN><![CDATA[Domain Admins@sos.lan]]></UPN></Group></SecurityGroups><FilePaths/><GroupPolicyCoreSettings><ID><![CDATA[{43362FC4-E293-4E5B-A513-7A5C1B151335}]]></ID><Domain><![CDATA[sos.lan]]></Domain><SecurityDescriptor>01 00 04 9c 00 00 00 00 00 00 00 00 00 00 00 00 14 00 00 00 04 00 ec 00 08 00 00 00 05 02 28 00 00 01 00 00 01 00 00 00 8f fd ac ed b3 ff d1 11 b4 1d 00 a0 c9 68 f9 39 01 01 00 00 00 00 00 05 0b 00 00 00 00 00 24 00 ff 00 0f 00 01 05 00 00 00 00 00 05 15 00 00 00 37 81 c1 da ad 27 a7 af 3b f9 1a e5 00 02 00 00 00 02 24 00 ff 00 0f 00 01 05 00 00 00 00 00 05 15 00 00 00 37 81 c1 da ad 27 a7 af 3b f9 1a e5 00 02 00 00 00 02 24 00 ff 00 0f 00 01 05 00 00 00 00 00 05 15 00 00 00 37 81 c1 da ad 27 a7 af 3b f9 1a e5 07 02 00 00 00 02 14 00 94 00 02 00 01 01 00 00 00 00 00 05 09 00 00 00 00 02 14 00 94 00 02 00 01 01 00 00 00 00 00 05 0b 00 00 00 00 02 14 00 ff 00 0f 00 01 01 00 00 00 00 00 05 12 00 00 00 00 0a 14 00 ff 00 0f 00 01 01 00 00 00 00 00 03 00 00 00 00</SecurityDescriptor><DisplayName><![CDATA[SOS - Windows CTF]]></DisplayName><Options><![CDATA[0]]></Options><UserVersionNumber><![CDATA[0]]></UserVersionNumber><MachineVersionNumber><![CDATA[23724394]]></MachineVersionNumber><MachineExtensionGuids><![CDATA[[{35378EAC-683F-11D2-A89A-00C04FBBCFA2}{D02B1F72-3407-48AE-BA88-E8213C6761F1}][{827D319E-6EAC-11D2-A4EA-00C04F79F83A}{803E14A0-B4FB-11D0-A0D0-00A0C90F574B}][{9650FDBC-053A-4715-AD14-FC2DC65E8330}{D02B1F72-3407-48AE-BA88-E8213C6761F1}]]]></MachineExtensionGuids><UserExtensionGuids/><WMIFilter/></GroupPolicyCoreSettings> 
        <GroupPolicyExtension bkp:ID="{35378EAC-683F-11D2-A89A-00C04FBBCFA2}" bkp:DescName="Registry">
            <FSObjectFile bkp:Path="%GPO_MACH_FSPATH%\registry.pol" bkp:SourceExpandedPath="\\SOSDC1.sos.lan\sysvol\sos.lan\Policies\{43362FC4-E293-4E5B-A513-7A5C1B151335}\Machine\registry.pol" bkp:Location="DomainSysvol\GPO\Machine\registry.pol"/>
            
            <FSObjectFile bkp:Path="%GPO_FSPATH%\Adm\*.*" bkp:SourceExpandedPath="\\SOSDC1.sos.lan\sysvol\sos.lan\Policies\{43362FC4-E293-4E5B-A513-7A5C1B151335}\Adm\*.*"/>
        </GroupPolicyExtension>
        
        
        
        
        <GroupPolicyExtension bkp:ID="{827D319E-6EAC-11D2-A4EA-00C04F79F83A}" bkp:DescName="Security">
            <FSObjectFile bkp:Path="%GPO_MACH_FSPATH%\microsoft\windows nt\SecEdit\GptTmpl.inf" bkp:SourceExpandedPath="\\SOSDC1.sos.lan\sysvol\sos.lan\Policies\{43362FC4-E293-4E5B-A513-7A5C1B151335}\Machine\microsoft\windows nt\SecEdit\GptTmpl.inf" bkp:ReEvaluateFunction="SecurityValidateSettings" bkp:Location="DomainSysvol\GPO\Machine\microsoft\windows nt\SecEdit\GptTmpl.inf"/>
        </GroupPolicyExtension>
        
        
        
        
    <GroupPolicyExtension bkp:ID="{F15C46CD-82A0-4C2D-A210-5D0D3182A418}" bkp:DescName="Unknown Extension"><FSObjectFile bkp:Path="%GPO_MACH_FSPATH%\comment.cmtx" bkp:SourceExpandedPath="\\SOSDC1.sos.lan\sysvol\sos.lan\Policies\{43362FC4-E293-4E5B-A513-7A5C1B151335}\Machine\comment.cmtx" bkp:Location="DomainSysvol\GPO\Machine\comment.cmtx"/><FSObjectDir bkp:Path="%GPO_MACH_FSPATH%\Microsoft" bkp:SourceExpandedPath="\\SOSDC1.sos.lan\sysvol\sos.lan\Policies\{43362FC4-E293-4E5B-A513-7A5C1B151335}\Machine\Microsoft" bkp:Location="DomainSysvol\GPO\Machine\Microsoft"/><FSObjectDir bkp:Path="%GPO_MACH_FSPATH%\Microsoft\Windows NT" bkp:SourceExpandedPath="\\SOSDC1.sos.lan\sysvol\sos.lan\Policies\{43362FC4-E293-4E5B-A513-7A5C1B151335}\Machine\Microsoft\Windows NT" bkp:Location="DomainSysvol\GPO\Machine\Microsoft\Windows NT"/><FSObjectDir bkp:Path="%GPO_MACH_FSPATH%\Microsoft\Windows NT\Audit" bkp:SourceExpandedPath="\\SOSDC1.sos.lan\sysvol\sos.lan\Policies\{43362FC4-E293-4E5B-A513-7A5C1B151335}\Machine\Microsoft\Windows NT\Audit" bkp:Location="DomainSysvol\GPO\Machine\Microsoft\Windows NT\Audit"/><FSObjectFile bkp:Path="%GPO_MACH_FSPATH%\Microsoft\Windows NT\Audit\audit.csv" bkp:SourceExpandedPath="\\SOSDC1.sos.lan\sysvol\sos.lan\Policies\{43362FC4-E293-4E5B-A513-7A5C1B151335}\Machine\Microsoft\Windows NT\Audit\audit.csv" bkp:Location="DomainSysvol\GPO\Machine\Microsoft\Windows NT\Audit\audit.csv"/><FSObjectDir bkp:Path="%GPO_MACH_FSPATH%\Microsoft\Windows NT\SecEdit" bkp:SourceExpandedPath="\\SOSDC1.sos.lan\sysvol\sos.lan\Policies\{43362FC4-E293-4E5B-A513-7A5C1B151335}\Machine\Microsoft\Windows NT\SecEdit" bkp:Location="DomainSysvol\GPO\Machine\Microsoft\Windows NT\SecEdit"/><FSObjectDir bkp:Path="%GPO_MACH_FSPATH%\Scripts" bkp:SourceExpandedPath="\\SOSDC1.sos.lan\sysvol\sos.lan\Policies\{43362FC4-E293-4E5B-A513-7A5C1B151335}\Machine\Scripts" bkp:Location="DomainSysvol\GPO\Machine\Scripts"/><FSObjectDir bkp:Path="%GPO_MACH_FSPATH%\Scripts\Shutdown" bkp:SourceExpandedPath="\\SOSDC1.sos.lan\sysvol\sos.lan\Policies\{43362FC4-E293-4E5B-A513-7A5C1B151335}\Machine\Scripts\Shutdown" bkp:Location="DomainSysvol\GPO\Machine\Scripts\Shutdown"/><FSObjectDir bkp:Path="%GPO_MACH_FSPATH%\Scripts\Startup" bkp:SourceExpandedPath="\\SOSDC1.sos.lan\sysvol\sos.lan\Policies\{43362FC4-E293-4E5B-A513-7A5C1B151335}\Machine\Scripts\Startup" bkp:Location="DomainSysvol\GPO\Machine\Scripts\Startup"/></GroupPolicyExtension></GroupPolicyObject>
</GroupPolicyBackupScheme>